,Mobile,Rating,Date,Review,Month,Year,Audio,Battery,Camera,Design,Fingerprint,Memory,OS,Performance,Others
1,oneplus6T,2,04-Nov-18,camera quality unto mark i visited one plus store store representative checked phone compared camera quality demo phone he noticed significant difference two i request amazon replace phone new one evident phone problems,Nov,2018,,,Yes,,,,,,
2,oneplus6T,1,04-Nov-18, the battery lasts max hours major application working upper side screen camera quality poor audio output earphone poor earphone works phone excellent while call unable drop notification window video quality poor compared less price phones i applied replacement going take replacement worst product,Nov,2018,Yes,Yes,Yes,Yes,,,,Yes,Yes
3,oneplus6T,5,04-Nov-18,phone simply superb aspect slow light performance camera outstanding simply go wrong phone,Nov,2018,,,Yes,,,,,Yes,
4,,1,13-Nov-18,one plus t turned utter disappointment i received faulty device tried getting support one plus i received disappointment even calls several mails visit service center i got solution the cherry top lie people service center he connect device laptop software update told updated device i see email id still hows even possible software updated hard reset my device battery drain heating issues along paps crashing its just one plus amazon help either they even connect call technical support department i feel cheated betrayed one plus amazon,Nov,2018,,Yes,,Yes,,,Yes,,
5,,5,06-Nov-18,got delivered just hours order no bad conservations yet fingerprint unlock also good face unlock on time will unlock face data fingerprint works,Nov,2018,,Yes,,,Yes,,,,
6,,1,07-Nov-18,two days back i received t many problems mobile the mobile getting heated camera mode nothing using mobile getting struck i think i got original set mi sure duplicate set please god sake please exchange mobile new one,Nov,2018,,,Yes,,,,,,
7,,5,04-Nov-18,amazing phone just feels good done ham price everything you get pay excellent battery great screen amazing performance smooth OS great camera surprisingly decent audio cool screen unlock ridiculously fast face unlock,Nov,2018,Yes,Yes,Yes,Yes,,,Yes,Yes,Yes
8,,4,08-Nov-18,good build amazing battery life minimum days stand along basic use air tels g network good accessories op site cool phone box packing display fingerprint sensor face recognition good loudspeaker decent c type mm adapter box value money go ,Nov,2018,Yes,Yes,,Yes,Yes,,,,
9,,5,04-Nov-18,the one plus t truly great phone matter price half cost phone XS cutting edge display fingerprint sensor bargain buy year everybody complain display fingerprint scanner slow trust fast phone gets unlocked soon finger touches screen accurate phones smart phone brings screen design notch the one plus t proves cutting edge technology doesn't cost earth bringing display fingerprint scanner tiny notch just k the gorgeous crisp colorful lode display smidgen bigger in smaller chin bottom simply amazing coming camera new night scape low light mode good job eliminating handshake long exposure shots the selfish camera also pretty good portrait mode works advertised overall camera one plus t good use fingerprint sensor night mode display disabled temporarily fades back eve unlocked phone the phone comes screen protector already single bottom firing speaker loud relatively large amount bass phone easily blocked playing game nonplussed alert slider switches silent vibrate ring still brilliant one plus phones always good money offering top specifications well built devices pushing boundaries s possible thats changed one plus t it pushing s possible popular screen design using tiny attractive teardrop notch smaller chin s better phone but introduction cutting edge display fingerprint scanner making work really well little half price phone XS impressive s wireless charging doesn't fancy d face systems looks little plain everything else top notch even software experience excellent pros good battery life great screen excellent performance dualism good camera blue tooth great software tiny notch screen fingerprint sensor alert slider super fast charging battery affordable price relative premium phones last least blazing fast software cons no notification light glass back wireless charging expandable storage,Nov,2018,Yes,Yes,Yes,Yes,Yes,Yes,Yes,Yes,Yes
10,,5,05-Nov-18,issue camera slow motion mode not working home black shade moving left right sound quality good,Nov,2018,Yes,,Yes,,,,,,
11,,5,15-Jan-19,this far best phone i ever used hands flagship specs classy look premium packaging speed need appearance the device looks much similar one plus t upfront got speed orange highlights back carbon finish Clarence branding bottom camera the night mode really captures amazing pictures portrait mode just amazing the low light photography still improved battery with average usage full day data easily lasts unto days the warp charging just amazing takes around muns charge but easily get days charge within muns speed with gigs ram speed question you open high specs games still lag and bragging rights sure overall i really satisfied device feels great part one plus community go get its continuous pursuit speed,Jan,2019,,Yes,Yes,Yes,,Yes,,Yes,
12,,5,04-Nov-18,very nice fantastic pen best smart pen till date awesome camera good battery life,Nov,2018,,Yes,Yes,,,,,,
13,,1,04-Nov-18,they telling comes with strongest back glass first day drop feet height phone got new back shattered glass,Nov,2018,,,,Yes,,,,,
14,,4,05-Nov-18,i like full display picture quality good tempers glass given customers,Nov,2018,,,,Yes,,,,,
15,,5,05-Nov-18,crisp picture quality impact sound impressive battery life makes worthy investment a blind buy plan upgrade one plus others fingerprint sensor face unlock exciting features indispensable all fair deal base variant GB what can u ask mi happy n yes thank amazon on time delivery,Nov,2018,Yes,Yes,,,Yes,Yes,,,
16,,1,12-Nov-18,bought costliest one GB GB model received phone flickering screen screen shows different colors every now battery drains fast phone heats even normal usage i used opt years never faced problem but this one didn't stay even days i request replacement day passed help finally amazon says replacement possible refund possible i hope least refund process goes smooth,Nov,2018,,Yes,,Yes,,Yes,,Yes,
17,,4,14-Jan-18,used close days now overall good phone price point expect much better camera since ass Zeno z also gives similar performance almost less k camera night mode needs improvement capture picture properly may need weeks settings sure please see image uploaded fire tarnished Grey picture without night mode much better this first phone satisfied camera giving stars,Jan,2018,,,Yes,,,,,Yes,Yes
18,,5,04-Nov-18,impressive price point only disappointment absence mm headphone jack had one plus supplied bullets headphone default accessory complete package apple learn else days numbered,Nov,2018,Yes,,,,,,,,Yes
19,,4,11-Jan-19,picture quality good battery life decent sound quality okay its beast regards considering price flagship killer tag you may miss notification led mm audio jack the screen fingerprint reader cool feature surely feels first gen smooth feature it just gives feeling buying finished product work progress kind thing not many things complaint since give good specifications decent price longer flagship killer stay one plus may well new apple id hate see happen business profit after all it always community but i see get run budget phones competition maintain quality,Jan,2019,Yes,Yes,,Yes,Yes,,,Yes,Yes
20,,4,04-Dec-18,i received order time thanks amazon delivered right time now coming phone experience know pol like one plus user interface yea oxygen OS feels buttery smooth lag bloat ware clean faster stock android performance awesome doubt display unto mark like i comparing Hamsun displays previous generation phone i one plus t already using fa last years phone display feels premium vibrant one one plus t like brightness one plus t equal brightness one plus t still display good another con headphone jack keep trolling phone fa removing headphone jack last year used headphone jack key marketing fa selling phones us countries now headphone jack really ridiculous okay use sub c headphone connector use home comfortable gaming phone pocket traveling like gotta spend k k fa wireless build quality good course feels premium especially one i thunder purple feels premium battery life awesome lasted hours screen time hours playing pub hour chitchatting browsing g almost time yea ll miss led notification light compromise built quality like earpieces grill seem tray looks feels cheap material like plastic stereo speakers two sound grills yea kills phones performance includes Hamsun note price half price performance go fa phone thermal heat management good,Dec,2018,Yes,Yes,,Yes,,,Yes,Yes,Yes
21,,3,11-Nov-18,everything good phone except software bugs like gestures dent work flawlessly issue paint coming top part phone near ear piece,Nov,2018,,,,,,,Yes,,
22,,4,04-Nov-18,build quality good phone looking handsome two things bothering one notification light there notification light top screen i need awake phone every time check message second thing fingerprint sensor it sensible i must say unlike back one i need put finger proper way otherwise i able unlock phone,Nov,2018,,,,Yes,Yes,,,,
23,,1,05-Nov-18,the phone got stuck using one camera features its even getting restarted the screen freezes thus allowing proceed hope get replacement soon,Nov,2018,,,Yes,Yes,,,,,
24,,2,05-Nov-18,takes long charge took minutes charge battery life went less hours without much usage fingerprint sensor receptive,Nov,2018,,Yes,,,Yes,,,,
25,,1,14-Nov-18, picture quality zero third class heat charging heat issue playing game like pub slippery grip heavy weight camera night also worst when zoom picture taken t shows blur images red eyes there lack a i artificial intelligence face lock security total unsafe tried open passport size photo opens screen lock battery life good fast charging heating issue also no headphone jack manage charging jack adapter headphone i return using days thanks amazon refund time saves money return refund policy,Nov,2018,Yes,Yes,Yes,Yes,,,,Yes,
26,,4,04-Nov-18,if op opt op user worth upgrading cons one plus t in display fingerprint way slow work always phone still network connectivity issues upgrades may fix phone works fast but expensive price lacks good features like Ir blaster gloves mode limited gestures seems interesting week later just normal budget phone low light photos night scape still bad overall camera just OK hyped pros phone feels premium rs phones still provide vibe apple Samsonite s series good customer care support especially on line software oxygen OS really smooth lags looking phones least years usage possible wait one plus hope see triple rear camera g one plus,Nov,2018,Yes,Yes,Yes,Yes,Yes,,Yes,Yes,Yes
27,,3,04-Nov-18,first foremost i say phone beast of course since processor soc GB GB good specs terms pricing i know hype one plus going people fall prey its purely marketing strategy specs cost justified read till last last suggestion i ordered phone Nov per offer plan mi sure best offer one can get mi sure next offer will one plus will launch the phone quite difficult handle someone using inch range phones years i recommend one plus switch phone gets heated even minutes transfer GB data better transfer one one getting phone running the ii update night mode update happened soon i got wife place happened within minutes the camera real cool i take night shots day shots got reviewed friend pro photographer comment really cool the phone charge yet certified main reason i purchased phone due charge retain issue phone last years every phone use comes days charge beginning but came day hours although i bit gaming first time trust phone market will battery issue years usage i need review but sure will update point next months the pap i use news review in shorts daily hunt seem responsive i gave feedback design inch phones seem like cricket pitch screen so can guess will paps this personal review the power draining rate per every minutes use minutes use this just random check i past days wife minutes minutes network coverage like air tel jig worry number will reduce just months usage the phone gets heated surfing air tel INTERNET minutes continuously good signal open area the charging rate good mi sure charging rate will always remain good discharge rate will drastically vary phone gets old worry number will reduce just months usage even though phone gorilla glass screen protector added phone opinion needed vie used s Hamsun g x play moot without screen protector in case i like vie used phone Google maps on driving car phone discharge rate around minutes apex although issue i faced car charger one plus amazon time writing review so i toggle maps hydroplane mode downloading maps route go phone okay spending huge money to purchasing phone i felt can change phone every year price rage k rather changing phone years thats individual desire change time time i felt disappointed using phone areas the in screen finger scanner night mare did hear sec just shy took attempts get screen UN lock mi saying false information trust me tried angle enabling fingers possible configuration very bad the face UN lock excellent no comments head phone jack yes accepted sub compared printer port fax port screen port keyboard mouse head phone mm micro well received industry they given converter using jack car travel i will update factors review trust me i will put phone second to none may soon as now i say star standard test conditions star usage condition trust me friends waste money phone positives will surely switch negatives just matter months battery industry going give performance even put double soc double GB ram double GB space even double camera,Nov,2018,Yes,Yes,Yes,Yes,Yes,Yes,Yes,Yes,Yes
28,,5,04-Nov-18,coming one plus huge upgrade so i liked many things phone amazing display mi notch fan cutest notch vie seen absence mm jack might let many fans including i still agree decision there led notifications also performance wise need even comparing best oxygenation ram true wonder didn't get chance test camera much comments camera some might face problems fingerprint scanner register properly get problems i none till now i think case box good its nice vie seen phone dropping ft breaking case many intrusive ads comparing homophone f i just laugh one plus way premium feel homophone,Nov,2018,Yes,,Yes,Yes,Yes,Yes,,Yes,
29,,1,04-Nov-18, poor product one plus neither amazon replacing device battery last long much even hours device malfunctioning like opening paps volume increasing decreasing satisfied product,Nov,2018,Yes,Yes,,Yes,,,,,
30,,2,04-Nov-18,phone functions nice battery performance lasting good battery dying rapidly i changing full charge twice hrs still battery getting most funny part i hardly using phone this depressing paying big amount hard earned money rs battery performance much poor spoken amazon technical support they done on line test pap get know something wrong phone battery told brand new replacement phone Monday th November i received phone ND Nov spoken amazon technical support engineer rd Nov although i received email ams amazon yet i can trust words will receive brand new replacement phone th November ,Nov,2018,,Yes,,,,,,Yes,
31,,5,05-Nov-18,pros glamorous looks great free case free screen guard camera like SLR super fast face detection lightening fast cons on screen sensor super quick properly setup if setup properly good,Nov,2018,,,Yes,Yes,Yes,,,Yes,
32,,3,04-Nov-18,hello guys i using phone past days phone good worth buy but issues mentioning battery good darning fast fast ya fast pm clock basic function every damn phone can face INTERNET problem may seem support handset but issue performance expecting top notch company claiming you can get kind speed k phone easily lastly finger scanning lock fast sometimes takes attempts guys genuine report phone i m much fan one plus family but times took wrong decisions one plus worst phone one plus t actually worst phone expecting top notch speed but one plus t match level if budget buy want anyhow can go otherwise lots better options available market k match almost quality look so waste money much pocket don't push self buy phone i give phone star just biz bad good now choices unto ,Nov,2018,,Yes,,,Yes,,,Yes,Yes
33,,2,15-Nov-18,things promoted i bought ND Nov look wise good sound also loud just loud nothing else battery just improved marginally keep location play game video will low soon of course end will hang little longer expected display hangs yes phone hangs even GB ram faced times even first days worst part front screen lock slow even use pin code time overall phone launch just hype performance unto expectation,Nov,2018,Yes,Yes,Yes,Yes,,Yes,,Yes,
34,,5,04-Nov-18,battery life better picture quality good sound quality also reasonably good definitely best among competitors having said phone really really fast display awesome dash charger wow usual,Nov,2018,Yes,Yes,,Yes,,,,Yes,
35,,3,08-Nov-18,purchased great excitement disappointed day got phone being flagship killer never expected phone face heat issues even normal usage problem arise brothers phone took day paps download solved issue later and now paps force closing working remaining features live unto mark but one plus fan expectations sky high slightly disappointed big deal can adjust thigh,Nov,2018,,Yes,,,,,,,
36,,3,04-Nov-18,no headphone jack just bigger battery water drop notch no camera improvement expectations don't buy phone just wait one plus hope exiting features if one plus buy major even minor improvement better t one plus user also buy i excited phone disappointed,Nov,2018,Yes,Yes,Yes,,,,,,
37,,5,12-Nov-18,for cost one value money product it feature rich perfect person like am avid foodie traveler this perfect phone capture i want whenever i want and amazing clarity also amazing speed i became fan one plus one convinced one best smart phone options ,Nov,2018,,,Yes,,,,,Yes,
38,,5,09-Nov-18,the one plus t undeniably advanced accomplished phone company till now the one plus still good t gives boost battery department fancy way unlock perfect price cons concern notification led light sure whether battery charging single touch display see notification beautiful one plus added charge jack type c converter added value watch movie listen song charging,Nov,2018,,Yes,,Yes,,,,,Yes
39,,1,05-Nov-18,battery terribly bad on round edges i lose display cuts actual view sometimes auto rotate work i restart mobile,Nov,2018,,Yes,,Yes,,,,,
40,,1,14-Nov-18, purchased phone trusted amazon years now feeling stunned product quality this phone gets switch sometimes getting on hard rebooting tried return first rd party pap told phone right so kind service provided amazon gonna kind purchase amazon this bad worst service amazon,Nov,2018,,,,,,,,,
41,,4,04-Nov-18,phone awesome camera check display check battery check there minor glitch play store pathetic download new pap always shows downloading download pending hope one plus will fix e,Nov,2018,,Yes,Yes,Yes,,,,,
42,,5,04-Nov-18,good phone best delivery super fast order morning delivery evening pm,Nov,2018,,,,,,,,Yes,
43,,3,11-Nov-18,picture quality mark per description given need work hard pix gets blurred zoom camera it states mp camera i think actually ,Nov,2018,,,Yes,,,,,,
44,,5,09-Nov-18,best android phone till date i using days now one plus let great battery life i use mobile testing taking pica pub usually i charge day pretty great dash charging help phone get charged muns ham you know specs bat camera but one thing note unlike one plus ts pro mode bigger capture size on screen finger print scanner amazes time i use animation great one thing like mention bat animation bright even brightness screen minimum bad want unlock Ur phone night time this best phone can buy early around k so go ahead buy mi sure regret ,Nov,2018,,Yes,Yes,Yes,Yes,,Yes,,
45,,2,27-Dec-18, if will see phone applications ii will symmetrical properly handled unlike one plus t will notice chat bottom send left slimy button will show properly without using pap consumes GB ram camera quality OK because using almost library pixel phone but match image processing quality front camera quality just worst ever will try artificial light condition if zoom took picture will show best quality resolution if phone will ideal mode muns phone will freeze seconds,Dec,2018,,,Yes,,,Yes,,Yes,
46,,5,07-Nov-18,as i had already customer of one plus aim very much disappointed with packing material of one plus t i compare both boxes of one plus and t when i pick my new phone ti found material used is very dully first impression was but overall phone is working well with less battery backup,Nov,2018,,Yes,,,,,,,
47,,3,11-Dec-18,the phone excellent software internals wise however cons follows glass serves purpose makes phone fragile notification light headphone jack pointless omission simply ape apple ambient display brightens much sensing fingerprint irritating night phone tad big they ideally kept screen size op days removed bezels instead increasing size phone terrible vibration motor my old nonskid last decade much better vibration not expected premium phone,Dec,2018,Yes,,,Yes,Yes,,Yes,,
48,,3,05-Nov-18,very disappointing sound quality blue tooth earphone i lg mob box Bose sound link blue tooth speaker sound quality poor blue tooth connectivity also support blue tooth speaker play sanctimoniously like Hamsun lg phone honer play phone tried lg mi nosy earphone phone sounds came poor phone speaker quality good rest display also satisfaction level compared lg q thin Hamsun galaxy series battery draining fast benefit night scape feature phone still front camera needs improve touch phone speed good like relier one plus phone getting anything new phone apathy notch display even touch finger scene time working speed like back finger scene earlier not recommended music lover,Nov,2018,Yes,Yes,Yes,Yes,Yes,,,Yes,
49,,5,04-Nov-18,mi love everything phone provided mi able digest missing headphone jack the performance spectacular the fastest phone android side things least camera damn good night mode though battery life also extraordinary mi getting hours sit gaming like pub hours screen man looks gorgeous built quality also perfect expect one plus ii one best vie used totally one best phone can buy around k,Nov,2018,Yes,Yes,Yes,Yes,,,Yes,Yes,
50,,2,13-Nov-18,camera pathetic takes blurry pica sometimes pica gets deteriorated little bit zooming also looks like mp camera Hamsun takes better pica even k phone low light equally bad poor selfish camera those saying awesome camera idea cameras improve camera performance next update its blazing fast smooth looks great but cam speakers r disappointment,Nov,2018,,,Yes,Yes,,,Yes,Yes,
51,,4,22-Nov-18,this sister she previously phone believe loved one plus i using one plus comparing t version there slight differences apartment notch size battery capacity screen fingerprint reader i particularly feel need quad hf screen since screen quality amazing they added better camera modules instead depth sensor put telescopic lens speaker quality improved added stereo speakers i know immolating jack sooner later everyone will start using blue tooth headphones just like touch screen phone made revolution the biggest upgrade personally feel ham increase battery capacity i never issues t wood easily last days moderate user,Nov,2018,Yes,Yes,Yes,Yes,Yes,,,,
52,,5,06-Nov-18,they exactly working tag line speed need its fast very fast talking camera better op but nothing changed night scape good change you can feel light night scape mode audio better smart phones one plus mark battery life best you can rely battery one charge half hour full day battery life even use fully fingerprint scanner better new update help open fast if budget k buy without second thought,Nov,2018,Yes,Yes,Yes,Yes,Yes,,Yes,Yes,Yes
53,,3,26-Dec-18,the phone overall supposed flagship killer but truth despite killing flagship cant kill performance stability previous model one plus as someone phones family observation comparison one plus i feel one plus gone standards new phone pros better sound photos better depth clarity battery back good cons fingerprint unlock absolutely lacking performance work times phone hangs times feel like s one plus product GB ram camera freezes sometime renders buttons including power button action less hope one plus comes SW update handle issues else gonna bring bad press ,Dec,2018,Yes,Yes,Yes,,Yes,Yes,Yes,Yes,
54,,3,04-Nov-18,mobile good product received faulty ND day i connected charging keeping g switch change seem card cant switched i placed immediately replacement order amazon take properly thanks amazon but now i canceled order,Nov,2018,,Yes,,,,Yes,,,
55,,1,11-Nov-18,the product defective and amazon kept wait days reason replace phone even manufacturing defects,Nov,2018,,,,,,,,,
56,,3,08-Nov-18,mi fan one plus op t really great build quality slightly thicker one plus feels good hands on comparing photos op op t mood also finger print scanner animation slow it give idea instant phone will get unlocked eventually making keep finger time and happens every time i still prefer op dads op t terms lowlight photograph fingerprint also fingerprint animation poor ii display phone nice though,Nov,2018,,,,Yes,Yes,,,,
57,,5,06-Nov-18,i one plus one user upgraded phone considering fact i loving phone its days since i got one plus t i charged couple times hour time battery just brilliant if someone loves click pictures take selfish disappointed various features camera phone i got gigs ram storage space phone damn quick lags hangs far if like notch worry will able disable one major disappointment mm jacks death however type headphone adapter can manage plug mm headphones lastly someone upgrading one plus rd gen th gen consider waiting next phone one plus,Nov,2018,Yes,Yes,Yes,,,Yes,,,
58,,5,28-Nov-18,the phone really good bought phone gaming satisfied performance camera quality good great don't care photographer battery mind blowing love dash charger display great easily visible sun light auto brightness works really good ram management really great oxygen OS really great skin display fingerprint doesn't work well face unlock works really good darkness uses display flashlight unlock,Nov,2018,,Yes,Yes,Yes,Yes,Yes,Yes,Yes,
59,,2,26-Dec-18,lot issues camera gets crashed frequently paps crash sometimes camera pap dead slow loading picture qty expected speakers good voice cracks half volume gallery crashes sometimes,Dec,2018,Yes,,Yes,,,,,,
60,,5,09-Nov-18,well one plus t awesome its truly flagship killer camera cud bit better hey OK nothing can perfect right,Nov,2018,,,Yes,,,,,,
61,,2,05-Nov-18,my phone ring tone functionality working i already reported asked replacement further set also pin seem its terrible experience expect immediate action amazon one plus team replacement phone,Nov,2018,,,,,,,,,
62,,5,04-Nov-18,performance excellent picture quality sound quality battery life single word one plus awesome,Nov,2018,Yes,Yes,,,,,,Yes,
63,,5,28-Feb-19,my review months usage fantastic product one plus usual i fan brand products i owned one plus x one plus now one plus t believe match machine price bracket it feels like brands cheating us selling overpriced similar phones Zaria Dinah chi cheer Meggi hi ho everything great phone superb screen awesome sound quality awesome camera great battery life looks premium excellent network reception superb sound quality Mic ear piece speaker heating issues excellent sunlight visibility screen great one plus operating system near stock android ROM experience regular software updates provided dual g volt e can use g volt seems side side now i use air tel jig seems work great parallel good quality back cover provided phone box sub type c mm jack converter included box dash charger great ever no earphones included box superb quality sub type c cable bought first opening sale just go ND thoughts this best ever mobile phone one plus this paid review pl vote review helpful i help choosing product,Feb,2019,Yes,Yes,Yes,Yes,,Yes,Yes,,Yes
64,,4,01-Dec-18, switched phone s impressive smart phone honestly rewarding decision i made mi writing review using one plus t nearly month its super fast responsive ii praiseworthy if watch you tube video comparing speeds speed test one plus t vs phone XS former comes fastest note amazon transportation services Ats sucks worst delivery service reason giving stars,Dec,2018,,,,,,,,Yes,
65,,2,07-Nov-18,i extremely excited product i prefer ordered amazon gift card bought launch day i extremely disappointed amazon during sale offer showed month cost emu i went ahead months bank started charge interest saying already given cost emu discount now will applicable don't understand logical behind giving discount find ways earn back false advertisement now offer changed says applicable months this really messed experience i one plus user purchased amazon multiple occasion disappointed see quality commitment gone much,Nov,2018,,Yes,,,,Yes,,,
66,,3,04-Nov-18,not expectation too much hype fingerprint scanner slow work smoothly i waiting since months turned average phone,Nov,2018,,,,,Yes,,,,
67,,5,07-Nov-18,amazing battery life great experience use ,Nov,2018,,Yes,,Yes,,,,,
68,,1,23-Dec-18,i ratting amazon transportation services worst ever find i found scope improvement many compliments one plus go flip kart better customer support services,Dec,2018,,,,,,,,,
69,,5,04-Nov-18,this first experience one plus good camera better performance good screen quality phone little bit heavy go ,Nov,2018,,,Yes,Yes,,,,Yes,
70,,4,14-Nov-18,this really nice product there certain drawback like led notification always display despite smiled screen but overall nice fluid use camera earlier night scape mode may best still way better anything else price bracket mirror black finish also hides fingerprints extent also good performance fluid sens something hooked first time using one plus devices and i must say really fluid battery life exceptional now ham with moderate usage i always getting screen time anywhere hrs normal moderate use will always last day half in display fingerprint scanner may fastest always accurate still unique serve purpose overall good clean android performance phone ,Nov,2018,,Yes,Yes,Yes,Yes,,Yes,Yes,Yes
71,,3,06-Feb-19,build quality hold etc good while comes refitted screen protector will need add stronger layer quite thoughtful adapted headphones box since headphone jack the sound quality impressive whether blue tooth speakers headsets just speaker simply great quality speakers the software simple android experience issues fingerprint scanner disappointing surprisingly slow also allows attempts use password case pictures appear good quite soft so appear sharp Hamsun s etc video really bad no image stabilization even resolution very disappointed all super looking phone clarity sound speaking listening picks signals better phones INTERNET great even weak signals super music OK pictures bad video,Feb,2019,Yes,,Yes,Yes,Yes,,Yes,Yes,
72,,5,09-Mar-19,one plus best comes performance android much better pixel phones shame i using op year half i shattered screen so i decided go t now to honest i want buy new phone since old one worked good new slow downs coming t powerhouse never faced hiccup paps camera average mi photography enthusiast gaming performance epic and charges extremely fast thanks dash charging the downside phone slightly slower finger print sensor you'll notice coming older one plus devices lightening fast sensor but nothing get used the notch one subtle ones market i recommend phone anyone looking new android device,Mar,2019,,Yes,Yes,Yes,Yes,,Yes,Yes,
73,,3,05-Nov-18, buoyed t mobile today putted lock worked min min f opening lock telling incorrect pin appearing dummy f display pl don't buy kind cheap f friends suffered lot went service center solve problem r telling don't soft ware u directly contact customer service wile solve problem r telling like pl don't buy kind stupid company phones,Nov,2018,,,,Yes,,,,,
74,,5,06-Nov-18,migrated one plus one plus t i happy upgrade after purchasing first one plus years i became fan one plus i never issues one plus t smooth navigation hell lot features don't know whether everyone uses features pica taken camera awesome battery life good super fast charging phone size also good holding phone one hand only drawback i seen removal mm audio jack i ordered one one plus site k overall awesome phone thanks amazon quick delivery,Nov,2018,Yes,Yes,Yes,Yes,,,,Yes,
75,,4,14-Nov-18,it amazing device just say big upgrade last device by still good best market star reduced just headphone jack everyone wants headphone jack maximum people mean quality product good battery life also good charging speed best class camera also good competes best flagships just go price range phone can better stars always space improvement device perfect,Nov,2018,Yes,Yes,Yes,Yes,,,,Yes,Yes
76,,5,09-Dec-18,if one plus going offer i sold i think phone looks absolutely stunning yet flashy understated good looks gives upmarket feeling you get flagship device rate i change phones frequently phone will at least years first op device i will keep so next one plus will god willing but i tested bullet headphones good can much improved if possible bring back headphone jack led notification great job op amazon,Dec,2018,Yes,,,Yes,,,,,
77,,5,04-Nov-18,loved i bought one plus six months ago i just now purchased new one plus t at price phone par even phone India i used y y note pro even mi s pro e now comparison you will get worth money,Nov,2018,,,,,,,,,Yes
78,,5,20-Nov-18,this far best smart phone market budget beating certain devices prices k higher specially software updates inclusion night scape mode camera phone feels like premium butter wrapped velvet foil excellent touch great battery great camera superb oxygens always snappy performance great gaming experience including pub asphalt i wired headset user removal headphone jack really effect worth every penny spend and ,Nov,2018,Yes,Yes,Yes,Yes,,,Yes,Yes,Yes
79,,5,04-Nov-18,wow phone flagship one plus pros ultimately battery life last one full day superb camera drop notch screen finger print touch sensor pretty fast more screen less bezel cons night mode great expected same design ND processor one plus face recognition good dim light conditions,Nov,2018,,Yes,Yes,Yes,Yes,,,Yes,
80,,1,26-Dec-18,product zero don't buy t for one plus user move one plus t t ,Dec,2018,,,,,,,,,
81,,5,31-Dec-18,the one plus Clarence edition amazing doubt issue i warranty card pin ejector missing package box i shoot unbolting video assuming problem so concern mine whether warranty card will provided service center document i provide services i needing warranty period,Dec,2018,,,,,,Yes,,,Yes
82,,4,08-Nov-18,everything good phone display fingerprint sensor substantially accurate consistent one plus gone physical fingerprint reader waited new communal rd gen display fingerprint sensor one plus actually made phone slower display technology implementing soon camera great always night mode shots night mode good infarct normal camera mode night will give better shots compared night mode,Nov,2018,,,Yes,Yes,Yes,,,,
83,,5,02-Feb-19,great device amazing speed GB ram superior processor work lightning fast speed i play lot on line games device i can open multiple games without worrying device slowing on previous phones games always caused issues like heating device device becoming abnormally slow rapid battery discharge this device solved issues i used fast charging devices well speed charging device best among i come across till date,Feb,2019,,Yes,,Yes,,Yes,,Yes,
84,,4,05-Nov-18,one plus t best phone can get less half price phones all features really good one plus consistent upgrading brand added new features phones i skipping pros phone huge list already described many pol cons fingerprint sensor slower previous models need screen switched using fingerprint headphone jack removed extension chord provided this big let qt,Nov,2018,Yes,,,Yes,Yes,,,,Yes
85,,5,07-Nov-18,unlock the speed indeed phone massively fast first impression whoever holds device gets smooth fast face unlock less sec barely will see lock screen in display finger print fast done properly fa position i mostly use phone laying surface tableted etc camera awesome fan portrait mode better many phones battery lasts longer display good notch invisible viewing videos notch sexy screen large good viewing angles overall a must buy phone,Nov,2018,,Yes,Yes,Yes,Yes,,,Yes,
86,,1,07-Nov-18,camera flash working disappointed one t ,Nov,2018,,,Yes,,,,,,
87,,5,04-Jan-19,vie always one plus fan since days one plus one i progressed one plus t now t never disappointed hardware software its blazing fast nimble OK poking around innards simply deg appearance my sons Hamsun note galaxy insanely jealous t i say anything ,Jan,2019,,,,,,,Yes,Yes,
88,,5,04-Nov-18,this first experience one plus one plus t pretty impressive good battery backup finger print scanner real quick display amazing camera mind blowing now waiting bullet earphones ,Nov,2018,Yes,Yes,Yes,Yes,Yes,,,,
89,,1,17-Dec-18,i using t past years experience good but phone working fine hangs lot i can see black white screen dots often the camera quality bookish see grains backpacker images annoying i happy product the fact new piece hangs lot bothers month also figure print scanner also great t way better,Dec,2018,,,Yes,Yes,Yes,,,,
90,,5,08-Nov-18,i purchased GB GB phone i m using dual camera lens first time noticed objects getting focus auto mode sound quality little improvement however lode display certainly good natural colors the phone came per attached screen guard absorbs lot prints requiring frequent cleaning in screen fingerprint sensor works well face recognition snappy one plus phones fast lag like sousaphone even years use,Nov,2018,Yes,,Yes,Yes,Yes,Yes,,Yes,
91,,5,22-Dec-18,one plus proved one plus t need grab amount lake customers deliver premium phone possibly best version android i used phone XS gripe phone lack stereo speakers that said complaint otherwise i extensively impressed phone especially display panel software i used latest android one phones oxygen OS version pure android fluid beautiful eyes this first one plus phone i expect provide software updates long run that said i even surprised see declared smart phone year McBride day i got one plus happy,Dec,2018,,,,Yes,,,Yes,,
92,,5,19-Dec-18,the display bright got really good colors sound quality decently loud just careful cover speaker since i got hands phone day yesterday i given rest after days use reasonable screen brightness screen time just hours i ended juice left and warp charging speed just promised i surprised see battery drained night night scape stock camera good pixel but i downloaded pixel cam mod working just fine,Dec,2018,Yes,Yes,Yes,Yes,,,,Yes,
93,,4,19-Feb-19,one plus became favorite brand since i used op months after months use i exchanged op t Clarence edition though i received good value months old op i gladly accepted special edition incredible phone i can say one word oxygen OS fluidized working heard make even better everyday GB ram GB storage enough and look back side presentation also remarkable but i really miss notification led mm headphone jack op but i consider bigger battery better display t Clarence oh i forgot wrap charge incredible specially work t Clarence normal t much faster op regular dash charge a sample photo attached understanding Hoboken effect picture quality,Feb,2019,Yes,Yes,,Yes,,Yes,Yes,Yes,
94,,1,11-Nov-18,worst camera quality gives color issues,Nov,2018,,,Yes,Yes,,,,,
95,,3,15-Nov-18,i think red pretty much change upgrading one plus to t d product good u get used the in display fingerprint sensor lagging terms speed pictures r good capturing image slow u may get blurred shaky images battery life good sound system better hope one plus solves d issues next updates,Nov,2018,Yes,Yes,,Yes,Yes,,Yes,Yes,
96,,4,15-Nov-18,one plus always rocks been using since Nov i just love mi one plus user since camera improved lot still match phone quality yet compared phones except phone t camera way good audio quality performance battery life awesome only con i see phone heavy,Nov,2018,Yes,Yes,Yes,,,,,Yes,
97,,5,08-Nov-18,purchased midnight black GB ram GB storage a premium smart phone sleek fast good looking have using system nearly week impressed performance phone battery charge holding good days thanks super fast charging gets charged soon have watching videos playing games like asphalt need speed fife the graphics performance good sound quality good haven't noticed heating issues far impressed screen fingerprint scanner face detection also awesome haven't noticed lag call quality good overall good solid built phone,Nov,2018,Yes,Yes,,Yes,Yes,Yes,Yes,Yes,
98,,5,03-Mar-19,i writing review using phone weeks days accurate everything phone awesome battery backup photos quality screen quality sound quality appearance everything just amazing previously using is Hamsun trust phone feel closest perfection totally love it everything can ask smart phone even being is Hamsun user previously can say enjoying one plus t enjoyed using is Hamsun ,Mar,2019,Yes,Yes,,Yes,,,,,
99,,2,18-Nov-18,don't buy phone you can buy phone range k get good performance buying phone bad performance the camera quality poor zooming picture blurred worst this phones battery also draining fast the sound quality speaker heard speakers full volume the performance camera night also poor,Nov,2018,Yes,Yes,Yes,,,,,Yes,
100,,5,05-Nov-18,i doubts buying speakers loud enough almost per many dual speaker phones notch phone hides notch pretty well headphone jack easily survived days adapter always fixed headphone wire now i even remember headphone jack also adapter available cheap rates everywhere phone superb please compare polo oxygen OS far superior,Nov,2018,Yes,,,,,,Yes,,
101,,2,09-Mar-19,does use global standard power pin it big u need carry means you use others case forgot head set jack space available mean kt use one plus specific adapter want use power charging fast it took hours charged already half gone within hours some pap working it diagonally actually near horizontal the finger print reader overlapping keyboard many time finger print recognize do recommend lost huge money,Mar,2019,,Yes,,Yes,Yes,,,Yes,
102,,5,11-Nov-18,marvelous simply awesome mobile no heating issue long lasting battery picture quality superb fingerprint scanner little slow overall nice product,Nov,2018,,Yes,,,Yes,,,,
103,,4,16-Feb-19,pros works described battery much improved one plus t phone replaced much smoother operate cons the display great compared mobiles similar price range slightly expensive other thoughts not worthwhile upgrade one plus t also ,Feb,2019,,Yes,,Yes,,,,,Yes
104,,1,20-Feb-19,the one plus smart phone horrible defective smart phone talking entire model one unit basic function phone call get calls working within months buying seen problem one plus t one plus brand new pieces like within week thought software problem will solved till now one plus t company selling faulty phones amazon selling faulty phones either definitely buy this phone or any other phone of one plus huge warning for people reading this review and amazon you better read this review and correct yourself,Feb,2019,,,,,,,Yes,,
105,,5,19-Jan-19,best thing phone software better optimized pixel can install Google cam u want Google night mode great performance premium looks unbeatable price trust homophone even compare fluidity usability oxygen OS using mints problems faced great community support also present get regular monthly update swill highly recommend buy lode panel also supports hr playing pub will make friends jealous fast charger die just one hour charge last hours screen time hours plus hours battery saver hardware great software one plus leading oxygen OS better stock android global dark mode inbuilt clocker touch id support AR support many awesome features best purchase date,Jan,2019,,Yes,Yes,Yes,,Yes,Yes,Yes,Yes
106,,5,06-Nov-18,bought red mi note exchange instant discount icicle card cash back amazon pay day launch its days phone experience great pros the screen fingerprint fast enough excellent display great battery life getting days superb build quality android pie box d corning gorilla glass screen GB ram GB ROM base t version comes dash charger will charge mobile hrs no sign heating heavy usage speaker sound quality good loud enough both front rear camera takes good pictures cons no mm jack an extra connector will provided box connect mm jack headphone no wireless charging it glass back means fingerprint magnet we use back case will get good quality back case box it inch screen not people small hands no notification light this phone excellent value money just go will never regret,Nov,2018,Yes,Yes,Yes,Yes,Yes,Yes,Yes,Yes,
107,,5,08-Nov-18,hi review months use phone well i sold lox i back fa is well i sold doesn't liked using android wasn't able adjust android is user long time better go phone phone doesn't give premium feel phone Hamsun high end phones gives ah well i donut like big phone big liking horrible speaker price now phone camera avg battery good charging super fast no lags phone one best phone android update users oxygen OS better i feel final one is user stick phone u love android best thing u can ,Nov,2018,Yes,Yes,Yes,Yes,,,Yes,Yes,Yes
108,,1,06-Nov-18,no earphone case cover cover absolutely fake products big cheating e,Nov,2018,Yes,,,,,,,,
109,,5,17-Dec-18,one plus t amazing phone speed performance camera quality it also good battery backup can easily go unto days least day long INTERNET browsing video streaming music if hard core gamer like can definitely count phone great gaming performance without lag heating issues can easily support hours gaming time without charging i using days now already big fan one plus device this ND one plus phone proved really flagship killer,Dec,2018,Yes,Yes,Yes,Yes,,,,Yes,
110,,4,04-Nov-18,really like product there minute changes t if product big upgrade however planning buy phone upgrade say yes surely steal deal the screen finger sensor rather slow face unlock compensates i personally use blue tooth users may find headphone jack inconvenience the connector provided works wonders look better way blue tooth headphones now become cheaper todays world over i say in screen sensor little slow mi sure work feature soon,Nov,2018,Yes,,,Yes,Yes,,,,
111,,2,07-Mar-19,camera just average despite dual lens if reason upgrade camera i moved t t best decision compared ts aluminum body t glass fragile t bulky like hell battery life good on normal usage lasts around days speed good also depends INTERNET speed ,Mar,2019,,Yes,Yes,Yes,,,,Yes,
112,,4,14-Feb-19,had return entire handset due faulty charger the replacement unit good phone compared phone s honor in aspects better phone s even phone aspects speed wise honor the image quality honor cases honor images better video picture quality felt better h overall stabilization much better one plus t where beats h selfish camera battery life slightly less h due screen size screen quality slightly better h if helps,Feb,2019,,Yes,Yes,Yes,,,,Yes,
113,,4,05-Nov-18,top notch round performance,Nov,2018,,,,,,,,Yes,
114,,5,04-Nov-18,the best part phone display along display fingerprint sensor aesthetically pleasing notch battery life improved quite bit last gen opt oxygen OS continuer best android experience IMO only little aggressive pricing bang buck camera quality decent expected bit video quality great,Nov,2018,,Yes,Yes,Yes,Yes,,Yes,,
115,,5,28-Nov-18,dislike first no headphone jack Geneva converter though no card slot slightly slower fingerprint unlocking hardware but super fast amazing phone some additional things like in built pap cloning run instances pap in built pap lock however uses password screen lock,Nov,2018,Yes,,,Yes,Yes,Yes,,Yes,
116,,5,06-Nov-18,over past couple years every phone one plus made indeed incrementally better previous one makes that can traced back time one plus t succeeded one plus e already good phone time this unflinching consistency paid dividends the one plus already great phone subtle changes make one plus t even better many respects foremost new android board improved camera the thing already invested one plus really donut need rush buy t but anyone else looking genuine upgrade existing phone ticking boxes,Nov,2018,,,Yes,Yes,,,Yes,,
117,,5,21-Jan-19,i using phone x wanted buy phone dual seem good performance decent camera vanilla experience OS t came around time got good exchange price older phone i pretty impressed far one plus come one plus everything good phone except picture quality i just put cam version Eda one plus viola information get pixel quality pica headphone jack something i kind miss though i many blue tooth headsets still places headphone jack comes handy loved ambled display well one brightest direct sunlight still maintain colors sun unlike mi phone gets completely washed ,Jan,2019,Yes,,Yes,Yes,,,Yes,Yes,Yes
118,,5,08-Nov-18,amazing phone i recommended thousands you can go one plus t unlock the speed ,Nov,2018,,,,,,,,Yes,
119,,5,27-Jan-19,the phone good performs well fast finger print sensor little slower i expected believe one plus better finger print scanner facial recognition however point recognizes unlocks faster fingerprint scanner pictures quality clean clear bright light night still takes good pictures docent seem well dark lighting battery life good charges fast satisfied purchase absolutely love phone,Jan,2019,Yes,Yes,Yes,,Yes,,,Yes,
120,,5,10-Nov-18,what amazing device the price justified offers believe may better looking phone among flagships i bet better phone live compared others reason polished software its low priced pixel functionality the super slow motion great the notch fact beauty spot display great camera good in display finger print reader works like charm battery life amazing personally complaint huge size phone,Nov,2018,,Yes,Yes,Yes,Yes,,Yes,Yes,Yes
121,,2,21-Jan-19,a month i purchased phone amazon it good phone great battery backup also quickly charges i like phone much the phone never get hangs heats display quality good camera quality average you tube videos misguides people camera shown great actually image quality selfish camera poor cheap even vivo v pro much better selfish camera lot details also costs nearly half price one plus t you can also face software lags one plus phone little bit heavier OK however built quality handset good overall good value money as phone accessories bit costly i personally recommend go vivo v pro Hamsun a go vivo ex phone spend phone,Jan,2019,,Yes,Yes,Yes,,,Yes,,Yes
122,,4,19-Jan-19,i one plus user long time purchased one plus one invite system earlier days had years one plus t lives reputation great display great battery life Google night cam makes camera even better clicks good pica day light n night sound quality better biggest con according display fingerprint sensor it takes multiple attempts often n sometimes unlocks people finger prints just checking new feature bit embarrassing much gimmick safety other great phone price range,Jan,2019,Yes,Yes,Yes,Yes,Yes,,Yes,,Yes
123,,5,10-Nov-18,the phone really great lot interesting features pros the dash charging jaw dropping speed the face unlock also quiet fast android pie oxygen OS makes phone smooth easy use cons the screen fingerprint magnet the brightness quiet bright the battery life may enough gamer there issues callas filled weird sounds,Nov,2018,,Yes,,Yes,Yes,,Yes,Yes,
124,,1,10-Jan-19,i got first unit replaced due issue air tel g phone able catch g signal the second phone replaced also issue moreover second one gap frame back glass gap wide enough water drop get phone was high expectation bought phone it big disappointment see faulty product delivered twice one plus forums multiple complaints raised g issue,Jan,2019,,,,Yes,,,,,
125,,4,04-Nov-18,i like phone much messages option nice sending notifications one category but better provided radiogram default pap also also pica displayed one place will easier now go collections search require pix sent friends i understand second camera works if option changing camera use giving cameras backside,Nov,2018,,,Yes,Yes,,,,,
126,,1,16-Dec-18,the product big failure i ordered phone twice amazon times i faced voice echo issue air tel network phone calls even changing seem card all callers complaining even stopped calling phone call instead year old phone top terrible support team one plus basic courtesy responding emails the service center equally pathetic untrained rude guys ready help either highly recommend not to buy,Dec,2018,Yes,,,,,Yes,,,
127,,5,11-Nov-18,this mobile best i ever seen picture quality speed awesome sound bit louder battery main perspective fulfilled great battery life gaming experience super graphics awesome hanging even full graphical game camera good overall best,Nov,2018,Yes,Yes,Yes,,,,,Yes,
128,,4,16-Nov-18,pretty good mobile going upgrade earlier versions sound output using sub c adapter great picture quality natural light awesome better mobiles like note phone in low light struggles night mode just increases saturation exposure battery life better previous models don't color specific matter anyways will end buying back cover,Nov,2018,Yes,Yes,,Yes,,,,,
129,,5,04-Nov-18,amazon delivered beauty onetime this first one plus device i just loving the device smooth performance crisp only issue i facing battery life draining fast surprisingly Google play consuming maximum power i hope one plus will fix update also i really impressed fast charging phone super fast highly recommended,Nov,2018,,Yes,,Yes,,,Yes,Yes,
130,,3,04-Jan-19,issues camera not good specified expected proximity sensor phone automatically switches on bluestocking etc talking finger sensor have wait unlock phone immediately removing touch unlock work color phone create colors like apple separate jack earphone not available battery heat charging power bank in range k issues needs improvement ,Jan,2019,Yes,Yes,Yes,Yes,Yes,,,Yes,
131,,5,25-Nov-18,had using one plus two since without problem ever needed memory decided go t the exchange delivery glitch free phone dream good look great speed awesome cameras sharp clicks night view ease operation one need now less two months i wake one morning find power button working battery showing charging even connected charger no service center Harbin go w repair,Nov,2018,,Yes,,,,Yes,,Yes,
132,,5,18-Dec-18,excellent phone though ism challenge getting used android system using phone years i bought i believe far superior camera phone also i got good deal exchange old phone s GB though delivery agent seemed dishonest wanted give charger cable exchange deal clearly mentioned compulsory the cash back Citibank cost emu made affordable,Dec,2018,,Yes,Yes,,,Yes,Yes,,Yes
133,,5,04-Jan-19,switched Hamsun s damn happy switch op best battery life best performance amazing camera rear front nice built features like phone mode change slider call record etc superb screen complete button less on screen handling new gestures list goes i bet nobody can ever regret buying beast sure phones surely better option Hamsun counterparts price,Jan,2019,,Yes,Yes,Yes,,,,Yes,Yes
134,,3,04-Nov-18,as mentioned subjects doubt masterpiece product just suggestion go exchange offer reason delivery guy drops am morning wait cause hurry i needed check product even ready handover phone data lost thanks delivery boy bad experience even getting new t phone,Nov,2018,,,,,,,,,
135,,4,04-Nov-18,camera work comparatively compromising phones else best flagship phone yet,Nov,2018,,,Yes,,,,,,
136,,5,29-Nov-18,battery life awesome on heavy usage battery will stand day on minimal usage battery will stands easily days apart dash charging awesome to charge whole ham battery charging takes around hour minutes thanks dash charging picture quality good compared mobile prices rang night scape mode good oxygen OS updates released make camera battery sound quality good expect value money final tip don't compare one plus t Hamsun galaxy s Google pixel apple x XS they really expensive compared one plus t in budget one plus best available option bang bucks,Nov,2018,Yes,Yes,Yes,,,,Yes,,Yes
137,,4,31-Dec-18,when i got product doubtful fingerprint sensor it still hit miss works like charm time the battery quality damn good ii super loudspeakers better camera good performs average low lightings the cons providing headphone jack apart good phone consider k gaming damn good device got nearly hr screen time playing pub continuously recommend playing long though due dash charge low battery issue,Dec,2018,Yes,Yes,Yes,Yes,Yes,,,Yes,
138,,5,02-Jan-19,battery good camera awesome speaker loud clear face unlock good expected it better face unlock works low light slow motion awesome night mode good could better but night mode necessary phone awesome flash x zoom good display perfect smooth performance no hearing issues goes charge hour,Jan,2019,Yes,Yes,Yes,Yes,,,,Yes,
139,,5,10-Jan-19,i using phone past days one biggest concern everybody battery life this beast great battery life on moderate use battery lasted almost hours without charging i getting hrs screen time usage single charge it might possible people might received faulty piece due facing battery drain issues the sound quite loud despite fact got single speaker the thing bothering screen brightness issue one needs keep phones brightness almost view screen sunny conditions outside i suppose fix issue sometime soon the build quality phone camera quality great so whomsoever wishes get new phone make perfect choice,Jan,2019,Yes,Yes,Yes,Yes,,,,,
140,,5,08-Nov-18,this phone beast say least SD processor can handle anything everything thrown its butter smooth looks classy all glass body looks premium nature battery good since i using maybe due rogue pap draining faster nevertheless complete package one plus vie loyal one plus user since day launched India they never disappoint customers say least this latest offering one plus surely best till date,Nov,2018,,Yes,,Yes,,Yes,,Yes,
141,,1,21-Nov-18,got defect one right top can find dot inside screen Lyndon i removed scratch card my piece advice everyone kindly buy product authorized one plus show room experience center because loose money like even defect found one plus show room guy they showed screen defect we buy one product k know whether new one good condition so better buy retail store can experience alas loose money like i even asked option return only change screen you know done something like you loose feel specialization Weldon forget remove scratch card soon bought device ,Nov,2018,,,,Yes,,Yes,,,
142,,2,22-Jan-19,i opened seal tried charge mobile t charged min stopped charging i used charger another mobile working i used another charger mobile mobile charging i know technical issue product i tried contacting customer care ran tests mobile failed test returned everything OK as genuine customer worries test run mobile shown otherwise i done ,Jan,2019,,Yes,,,,,,,
143,,3,04-Nov-18,there notification led i really like animation finger print censor expected slimmer phone but one plus t feels heavy ,Nov,2018,,,,,Yes,,,,
144,,5,26-Dec-18,the product packing good minus point one plus providing earphone smart phones kindly look needful next time good phone without earphone suitable using vivo earphone also wonderful experience OK one plus smart phone vivo earphone using waiting next time something surprising one plus,Dec,2018,Yes,,,,,,,,
145,,4,30-Dec-18,lock unlock sometimes new phone hangs unlock does recognize finger face even sense touch screen then whats difference Hamsun old phone new one plus t camera good low light still problem Corilla glass phones screen chipped bit left edge one months usage not sure company will replace free cost applications fast GB ram phone full thus up sound quality match Hamsun note s battery life good full day use charges quickly,Dec,2018,Yes,Yes,Yes,Yes,Yes,Yes,,Yes,
146,,5,26-Dec-18,used day performance great new device will work smoothly initial days the total usable ram GB GB shows available normal operations per an tutu pap sound quality loud clear rear camera picture quality great i find front facing camera great given price phone overall just one plus t extra ram i attached an tutu benchmark scores ranking i currently rank ,Dec,2018,Yes,,Yes,Yes,,Yes,,Yes,Yes
147,,5, 9-nov-18,as know one plus never disappointed customers the disappoint i buying one plus valued this shows drastic price one plus can go apart phone completely similar one plus interns build quality performance the due drop display special features just apparel stuff the fingerprint sensor front upside downside the upside ease use downside display breaks ready pay lot,nov,2018,,,Yes,Yes,Yes,,,Yes,Yes
148,,5,16-Nov-18,very nice phone expected tech giants battery life good best i can say despite increased capacity it hell fast smooth camera quality awesome sound loud clear fingerprint sensor needs bit improvement quite satisfied phone would definitely recommend u want good processor performance budget,Nov,2018,Yes,Yes,Yes,,Yes,,,Yes,Yes
149,,2,04-Nov-18,i didn't realize display rounded looks odd,Nov,2018,,,,Yes,,,,,
150,,4,20-Dec-18,pros all mentioned comments will find pros common phones important cons cons battery life good looks manageable people using phones like moot Nanook Hamsun etc will tough time battery one camera good Salomo night mode good honestly i even liked night mode rest nodes excellent,Dec,2018,,Yes,Yes,Yes,,,,,
151,,1,05-Mar-19,it lot software issues like vie never able connect devices share standstill trying connect months usage device frustrated also always gets stuck percentage downloading big apples like springlike getting stuck downloading pub failing vie used tens gs data download pub vie tried every possible solution given reedit quota you tube seem permanent solution even old Motorola g give much headache phone gave i regret buying phone recommend anybody,Mar,2019,,Yes,,Yes,,,Yes,,
152,,4,04-Nov-18,no doubt device will deserve star but yesterday i received delivery while charging playing games will reaching degree Celsius present i op op t op even charging playing game will crossed degree Celsius but t heating rapidly normal time will c like ,Nov,2018,,Yes,,Yes,,,,,
153,,5,13-Jan-19,hi writing using one plus t month primary device well nothing new one plus simply best class price range k u get best processes business amazing battery life super dash charge smooth oxygen is experience good camera for sure i can never get wrong buying beast harts one plus,Jan,2019,,Yes,Yes,Yes,,,,Yes,Yes
154,,5,05-Dec-18,as per add never settle i believe n second phone brand build quality phones r good after using last phone around years i bout first day first sale best things i got promotion advantage like rs cash back n head phone rs rs free i bought phone GB ram n GB configuration its amazing future new phone brand coming i will buy one well i love device much,Dec,2018,,,,Yes,,Yes,,,
155,,4,05-Nov-18,excited purchase exchange smooth no complains front on using phone last hours really fast smooth fast processor lag even multi tasking no heating issues far only thing i felt better weight phone slightly higher side will update later,Nov,2018,,Yes,Yes,,,,Yes,Yes,
156,,5,04-Nov-18,switched i phone one indeed phone offers lot features is user think ii is better however budget buy i phone larger memory go else one way better,Nov,2018,,,,,,Yes,,,Yes
157,,1,06-Nov-18,worst product per price value money per expectations screen lock worst fingerprint face front camera poor,Nov,2018,,,Yes,Yes,Yes,,,,Yes
158,,5,04-Nov-18,great phone nice features set just one plus but used one plus couple months buying i say days using novelty worn meaning basic difference two phones finger scanner big deal days usage other phone rock solid better battery miss headphone jack notch smaller phone heftier good a brilliantly packaged phone none less,Nov,2018,Yes,Yes,,,Yes,,,,
159,,1,08-Mar-19,waste buying mobile i heard lot one plus i eager mobile but finally i bought mobile coming performance i facing lot difficulties smooth running times start hanging i cant even play pub game while playing pub i can overdrive breaking networks touch good smooth we need handle harsh ordinary mobiles finally processing speed even match phone donut ever buy mobiles publicity stuns showing lots features hand without stuff i hope can know better asking friend using one plus t ,Mar,2019,Yes,,,Yes,,,,Yes,
160,,1,24-Dec-18,it first one plus mobile i disappointed my mobile battery Ben drained instantly battery remain screen time hrs no running application background mobile data screen battery drain i contact amazon technician two times first time technician told one anti virus install check i virus seen second times technician make understand battery drain normal issue i know smart phone user know but instantly battery drain normal issue is k mobile battery screen time hrs is laughter pl replace mobile early possible,Dec,2018,,Yes,,Yes,,,,Yes,
161,,4,06-Nov-18,camera i still exploring improve pica i still find note taking better pica rest features just good screen sensor lightening fast phone responsive battery backup decent far better note other missing area notification alert,Nov,2018,,Yes,Yes,Yes,Yes,,,Yes,
162,,5,17-Nov-18,amazing looks sturdy build quality always superb camera android based cyanogen overlarge almost notch less display super fast display finger print scanner best amazing amazon prime delivery speed cherry got top model model super sleek midnight black color just cant stop looking overall right decision upgrade one plus one kudos one plus team team amazon,Nov,2018,,,Yes,Yes,Yes,,Yes,Yes,
163,,2,08-Nov-18,i recently bought one plus after two days use got started hanging i downloaded thing storages also free picture quality average compared low budget phones market finger print unlock slower face unlock audio quality poor low mids clashing phone mark,Nov,2018,Yes,,,Yes,Yes,,,,Yes
164,,5,01-Dec-18,damn phone fabulous reason go snappy touch lag game play awesome multitasking butter smooth thanks amazon making beauty beast available site purchase awesome work one plus rock wen comes camera worth every penny may good pixel keep mind pixel thousand dollar phone number ranks starting just ground breaking love phone love one plus earned new customer ,Dec,2018,Yes,,Yes,Yes,,,,Yes,
165,,2,08-Nov-18,camera quality mark fingerprint screen slow convenient price also much high not value money,Nov,2018,,,Yes,Yes,Yes,,,,Yes
166,,3,13-Jan-19,although i heard lot monster find worth amount spent picture quality sound quality nice battery life awesome ring tone starts faulty noise comes hardware lagging issue seen time week camera quality good lens powerful for distant scenes sound loud enough descent phone sound like non branded Chinese sets u can see system MSG software update regularly essential new months old phone company updated delivery,Jan,2019,Yes,Yes,Yes,,,,Yes,Yes,
167,,3,11-Dec-18,phone great recommend user previously version one plus phone but phone actually major update previous phone in display finger print scanner tricky will work fine case but will slow thanks animation face recognizing secure using Ir d just cam fast over phone good but can wait next release urgent,Dec,2018,,,,Yes,Yes,,Yes,Yes,
168,,2,04-Nov-18, started hanging now even months date purchase,Nov,2018,,,,,,,,,
169,,5,14-Nov-18,one plus t super fast smooth really snappy comes display bigger subtle battery life really good gaming mode phone runs game super smooth lags camera capable taking really good pictures ND capturing fine details every mode camera works perfectly yeah basically rounder beast looking smart phone worth every penny spend just go need think trust cozy considering price best deal can get,Nov,2018,,Yes,Yes,Yes,,,,Yes,Yes
170,,3,11-Nov-18, worried scratch resistance gorilla glass already two scratches at the time of unbolting now i want to return it but not seeing the reasons for scratchy screen please help if i talk about performance i would rate it out of camera out of ,Nov,2018,,,Yes,Yes,,,,Yes,
171,,5,15-Jan-19,purchased st December got delivered within hours so far nice experience don't feel like carrying power backup battery life good gets fully charged within hours pictures great especially depth feature sounds good so i come across technical glitch i love phone can i say maybe little bit,Jan,2019,,Yes,,,,,,Yes,
172,,5,05-Nov-18,the mobile just awesome terms everything and if u r upgrading one plus t lower version mobiles i say worth upgrading i using one plus previously gave wonderful satisfaction negative opt no headphone jack either u can use headphones u can charge mobile time and notification light will get know u screen i can say mobile worth money ,Nov,2018,Yes,Yes,,Yes,,,,,
173,,4,15-Jan-19,the software minor glitches mobile respond per command sometimes now frequent the software problem screen text becomes big suddenly one plus must look reputation one plus t may go others also face similar problem i still think one plus performing extremely well one plus t i sometimes get feeling one plus secretly named t temporary beta version launch next version say case t launch its just wild guess faced zero issues one plus almost two years since purchase t purchased brand new amazon software perform well,Jan,2019,,,,Yes,,,Yes,,
174,,2,23-Dec-18,i received DEC the mobile charger missing box i requested refund also battery drains fast potshot connected viewing on line videos like hot star playing games and battery takes hour charge camera now working good speed mobile also good almost fast claiming also i strongly feel box contents box unnecessary like separate orange putter cover box album hard board moment etc just make expensive pull money pockets instead provided earphone box,Dec,2018,Yes,Yes,Yes,,,,,Yes,
175,,5,04-Nov-18,i using device super snappy the night mode camera decent job since photos good others clicked night mode the on screen fingerprint sensor OK not fast physical one overall superb product any op planning buy mobile definitely consider one,Nov,2018,,,Yes,Yes,Yes,,,Yes,
176,,5,14-Nov-18,awesome phone features camera best class front rear performance best compared one plus the issue i battery life though one plus increased battery capacity may lasts maximum hours average usage u play games continuously hours battery almost dead one plus really expected u guys the good things put charging charges bat min type c mm converter works fine the original sound quality maintained overall perfect buy,Nov,2018,Yes,Yes,Yes,,,,,Yes,
177,,5,05-Nov-18,okay id like talk things nobody else saying the battery life excellent flagship phone hours sot excellent also speaker though single loud enough noisiest environments and people think new fingerprint scanner slow i received software update soon i activated phone i updated software fingerprint scanning lot snappier overall great phone price range,Nov,2018,Yes,Yes,,,Yes,,Yes,,Yes
178,,1,17-Dec-18,everything inside box good box tampered i m confused happen cos sealed cover box tampered,Dec,2018,,,,,,,,,
179,,1,13-Nov-18,lode whites washed low light earpieces bad design needs proper ear aligning hear sound call the bezels edges creates accidental touch phone operations needs smart edge touch prevention algorithms the camera great hyped the finger print touch unreliable overall value money should priced around k addressing issues,Nov,2018,Yes,,Yes,Yes,Yes,,,,
180,,5,30-Dec-18,review tech you tuber smart phone world you tube channel the budget flagship smart phone love design display battery life you can get solid day battery life good thermal management even long gaming sessions temp device deg headline feature one plus t in display fingerprint sensor works times my go way unlock phone camera great don't expect pixel apple quality cons no wireless charging price,Dec,2018,,Yes,Yes,Yes,Yes,,,,Yes
181,,4,28-Nov-18,the gorilla glass though i scratches matter week normal use i even keep keys money whatever sharp pocket well rest everything seems working fine even got updates well,Nov,2018,,,,Yes,,,,,
182,,5,25-Nov-18,t rightfully flagship killer best phone market today it looks hardware latest software enough pros cons while lesser priced specs contains grand still heavy amount the camera great best market need color variants India the fast charging absolute delight,Nov,2018,,Yes,Yes,Yes,,,Yes,Yes,
183,,5,21-Jan-19,the best part delivered phone next day order without charging single penny the phone came tampered proof bag super fast say a little heavy counterparts gives long lasting battery life even mobile date entire time the camera super i like night mode face recognition amazing fast,Jan,2019,,Yes,Yes,,,,,Yes,
184,,5,10-Nov-18,i got defected piece amazon returned ,Nov,2018,,,,,,,,,
185,,5,15-Nov-18,this one amazing phone a must buy value money amazing battery life screen resolution just fantastic camera near perfect only drawback phone quite heavy,Nov,2018,,Yes,Yes,Yes,,,,,
186,,5,04-Jan-19,this phone software just incredible much faster Hamsun phone i used i used models the screen good Hamsun aspects good better best value buy,Jan,2019,,,,Yes,,,Yes,Yes,
187,,4,07-Dec-18,given marketing hype around op t fact i used op two years glitches i naturally expected excellent product however month use i say k op t lost magic touch wow achieved earlier phones i personally experience battery life improved despite bigger capacity op gave better life similar usage camera improved still flagship night capture mode glitch option smart tbs supported via prime Linette pap worked older op devices phone bit heavy like light devices face recognition work night dark setting unlike phone good things phone software remains close stock android experience bloat ware makes usage buttery smooth fingerprint scanner much better compared vivo v pro i found really non responsive screen quiet good notch non intrusive aesthetically designed one i seen guys one plus please settle expect much marketing guys,Dec,2018,,Yes,Yes,Yes,Yes,,Yes,Yes,
188,,5,10-Mar-19,its great phone using months i can say i impressed its smooth fast all day battery life dash charge if moderate user will last day i usually get battery left end day camera performance also top quality pictures details lowlight photography great coming one plus nice upgrade all round device work entertainment gaming perfect traveling,Mar,2019,,Yes,Yes,Yes,,,,Yes,
189,,4,19-Dec-18,one plus t midnight blackleg ragbag storage huge flagship killer smart phone beats many phone comparison price accordingly smooth phone never get hang even using month i heavy user like i used edited photos videos etc games i try far problem camera superb battery bad performance awesome video recording amazing problem recording sounds beat phone ,Dec,2018,,Yes,Yes,,,Yes,,Yes,Yes
190,,4,22-Nov-18,i using days now overall i satisfied picture quality my friends phone x take pictures one plus t sound quality the negative thing one plus t when play game watch video tend cover speaker bottom very badly engineered you block sound play games watch videos battery life above average i say good when i turn blue tooth location others except data lasts day ,Nov,2018,Yes,Yes,,,,,,,
191,,3,14-Dec-18,its almost weeks since i using phone GB ram GB ROM battery life good ham i really disappointed slowness finger print sensor in spite GB ram applications performance reduced GB ram exhaustion it seems just putting GB ram make mobile faster one plus also work intermodule compatibility mobile means ram efficiently sync processors performance in nut shell good phone heavy pap users wants performance expect cum,Dec,2018,,Yes,,,Yes,Yes,,Yes,
192,,4,19-Dec-18,its value money really priced finger touch log weak you completely rated misused stand market sell phone there much expectation make endeavor rise at amount sound picture durability good what required improve touch speed,Dec,2018,Yes,,,Yes,Yes,,,Yes,
193,,5,04-Nov-18,another masterpiece one plus just loved draw back display fingerprint bit slow used external ones damn faster previous one plus phones display crisp bright enough compared one plus t due android pie update battery one best till vie used phones beast class loving phone till now,Nov,2018,,Yes,,Yes,Yes,,Yes,Yes,
194,,5,07-Nov-18,picture quality sound battery life awesome,Nov,2018,Yes,Yes,,,,,,,
195,,2,25-Feb-19,buying phone expensive mistake despite stellar stats phone still hangs the screen just freezes odd seconds unlocked this happens almost times day the battery charges fast however also discharges fast so unless always access plug point will let there mm headphone jack adapter connect headphones inconvenient carry around time the phone heavier one plus called bigger battery one discharges fast your money can spent better elsewhere sure please consider points falling tall advertising claims,Feb,2019,Yes,Yes,,Yes,,,,Yes,
196,,1,19-Feb-19,the phone listed one topper radiation approx value where Hamsun g s lowest of approx value fare investing k phone found silent killer sticking user now choice i use otherwise phone quiet good day light photos good low light photos turns mark camera application bug need switch switch camera sense this fixed updates radiation,Feb,2019,,,Yes,Yes,,,,Yes,
197,,5,15-Feb-19,photo clicks awesome phone specially night clicks sound quality can improved sound low phone battery life good overall phone awesome great features face unlocks works well even darkness,Feb,2019,Yes,Yes,,,,,,,
198,,5,05-Nov-18,my last phone phone s i assumed take get used new phone different operating system but amazing user friendly i said i love phone soon i started using picture quality amazing voice quality much better phone speaker much much better phone battery life best in love dash charger thank one plus making affordable yet awesome,Nov,2018,Yes,Yes,,,,,Yes,,
199,,5,09-Nov-18,after lot Hamsun phones i shifted one plus op year month use single issue i found phone after lot drop marks body screen never cracked now i using opt since days fully satisfied best picture quality look awesome performance in one word complete package best value money,Nov,2018,,,,Yes,,,,Yes,
200,,3,31-Dec-18,picture quality looks better per mobile cost sound quality good battery life worst you just wife mobile data without anything phone battery percentage gets decreased reticulates hope gonna fix next release version one plus brand marked higher,Dec,2018,Yes,Yes,,Yes,,,,,
